Airport Name,Zipcode
Aero B Ranch Airport,737902
Epps Airpark,None
Fulton Airport,35749
Cordes Airport,73002
Goldstone /Gts/ Airport,86333
Williams Ag Airport,None
Grass Patch Airport,None
River Oak Airport,33513
Lt World Airport,34974
Delta Shores Airport,30039
Hammer Airport,None
Hayenga's Cant Find Farms Airport,None
Hayden Farm Airport,62543
Robbins Roost Airport,None
Lejeune Airport,40489
Battle Lake Municipal Airport,21632
Cooper Flying Service Airport,56515
Bucks Airport,64870
Weiss Airfield,27525
Gull Bay Landing Airport,14469
Mc Kenzie Bridge State Airport,16137
Flying O Airport,97413
Homan Field,29153
Ragsdale Road Airport,57237
Alpine Range Airport,37355
Vaughan Airport,76140
Groundhog Mountain Airport,24520
Lower Granite State Airport,None
Howell Airport,None
Northern Lite Airport,98351
Lazy J. Aerodrome,None
L P Askew Farms Airport,None
Purkeypile Airport,79373
Ware Island Airport,None
Swansboro Country Airport,35046
Rybolt Ranch Airport,95667
Cedar Knoll Flying Ranch Airport,32820
The Farm Airport,32732
Lava Hot Springs Airport,None
Myers Field,83246
William E. Koenig Airport,46149
Hilliard Airpark,62022
Caldwell Municipal Airport,32046
Flying N Ranch Airport,67022
Barham Airport,66859
Schumaier Restricted Landing Area,71264
Country Breeze Airport,62274
Topsail Airpark,None
Detour Airport,28443
Moore Airfield,None
Champion Ranch Airport,03741
Lantana Ranch Airport,None
Bierly(Personal Use) Airport,None
Nort's Resort Airport,16823
York Airport,None
Smith Field,29710
Colonial Air Park,75126
Mims Farm Ultralightport,38017:38141
Duckwater Airport,75167
La Sal Junction Airport,None
Pickles Airport,84530
Prehn Cranberry Company Airport,22611
Keyhole Airport,54660
Rustic Wilderness Airport,None
Bass Field,99688
Shannon Field,36555
Conover Air Lodge Airport,38739
Mc Cullough Airport,93225
Osborn Airfield,None
Doug Bolton Field,34736
Etowah Fields Airport,30530
Morgan Ranch Airport,30145
Diamond P. Field,46069
Jmj Landing Airport,47396
Nadeau's Airfield,None
Fairplains Airpark,04001
Greenbush Municipal Airport,48838
Troy Airpark,56726
Watts Field,None
Benes Service Airport,38746
Paiute Meadows Airport,68065
Zimmerman Airport,None
Murtha Airport,43420
Rowena Dell Airport,44082
Cuylers Airport,98635
Hughes Ultralightport,02693
Wise River Airport,29918
Ellis Field,None
The Palms At Kitty Hawk Airport,37153
Lucin Airport,79383
The Greenhouse Airport,None
Cawleys South Prairie Airport,22714
Beer Airport,98321
Fowler Field,54082
JLS Farms Airport,None
Seidel Ranch Airport,None
Thompson International Aviation Airport,78719
Kugel-Strong Airport,None
Lake Persimmon Airstrip,80651
HIA Airport,33852
East Field,30450
Flying Y Ranch Airport,50171
Davis Field Ultralightport,83612
Wix Airport,47620
Flying H Farms Airport,46030
Hadley Airport,42420
Nauerth Land Ranch Airport,04040
Cascade Field,56143
Mc Donnell Airport,None
Utirik Airport,64742
Pilots Ridge Airport,None
Olafson Brothers Airport,28412
Hyde Ranch Airport,None
Llama Ranch Airport,None
Talmage Field,None
Gibbs Field,11902
Powwatka Ridge Airport,74066
Sun View Field Airport,None
Sandy River Airport,None
Barronena Ranch Airport,97055
A Z Minerals Corporation Airport,78384
Zink Airport,99031
Aerostone Ranch Airport,54923
Phil's Airport,76906
Chinle Airport,99672
Gray Butte Field,86503
Hunt's Sky Ranch Airport,93599
Richards Field,None
Cross Creek Farms Airport,33031
Columbus Southwest Airport,32174
Lanham Field,52580
Turkey Run Airport,83617
Schertz Aerial Service - Hudson Airport,46774
Van Gorder Airport,61748
Natchez Trace Farm Airport,61854
Brunner Airport,42749
Beech Hill Airport,60102
Rapids Airway Airport,None
Helblad Airport,48827
Nick's Flying Service Inc Airport,63382
Pluhar Airport,38721
Emmanuel Airport,69155
Kingston Ranch Airport,None
Klaverack Airport,92309
Collins Landing Strip,12513
Pocock Airport,37641
Navajo Mountain Airport,76688
Saguache Municipal Airport,None
Manquin Flight Park Ultralightport,81149
Lightning Bolt Field Airport,23106
Field of Dreams Airport,05647
Dutch Gap Airstrip,99204
Wasilla Creek Airpark,None
Ozark Skies Airpark,None
Pope Valley Airport,None
Rancho De Aereo Airport,94567
Melanie's Airport,80542
Charlton Strip,32538
Spotts Field,33930
Running Creek Ranch Airport,50458
Classic Landings Airport,46816
Hardy Airport,46118
Darbro Field,62513
Cartersville Airport,67344
Greg's Flying Service Airport,None
Grass Roots Airport,None
Breezecroft Airport,71301
Drisko Airport,None
Jones Landing,04648
Mc Kay Airport,59714
Baker Ranches Airport,None
Dorlon Airpark,89311
Peacock Ranch Airport,44028
Mills Brothers Airport,97828
Vernonia Airfield,17255
Brandes Air Field,97064
Hilde-Griff Field,78933
Circle 'A' Ranch Airport,None
Oljato Airport,None
Blanca Airport,None
Providence Airport,None
Ames Private Airport,23943
Johnson Memorial Airport,99157
Henning Municipal Airport,None
June Lake Airpark,None
Bondair Airport,79654
Jecan Airport,72067
William P Gwinn Airport,None
Grass Roots Airpark,None
Rich Field,34736
Larkin Airport,52203
Humm Airport,83634
Sinele Strip,None
Pike Field Airport,62358
Noahs Ark Airport,55732
Torgerson Airport,64092
Randall Airport,59435
Fitterer's Strip,28384
Silver Creek Airport,None
Murphy Field,None
Hal Joy Airfield,13021
Green Acres Airport,44093
Hayden Mountain Airport,45345
Grawunder Field,14721
Beyer Farm Airport,77418
Glaser Field,67037
Ainsworth Airport,76518
Hunter STOLport,None
Diamond N Ranch Airport,38401
Young Private Airport,24441
Western Airpark,54837
Campbell Field,98558
Pan Lake Strip Airport,56248
Blue Hill Airport,72823
Richvale Airport,04614
Comanche Creek Airport,95974
Tackaberry Airport,None
Ocean Reef Club Airport,48006
Alcovy Airport,33037
Interstate Airport,30655
Central City Municipal - Larry Reineke Field,46176
Heape Field,68826
Blue Lick Airport,None
Baugher's Orchard Airport,40229
Scott Airstrip,21158
Dairyview Airport,48632
Lake Sexton Airport,56186
Bermudian Valley Airpark,59231
Hawks Meadow Airport,17316
Border Line Farm Airport,28173
Pleasant Valley Airport,None
Bruce's Airport,None
Folmar Airport,97267
Churchill Airport,16858
Salaika Aviation Airport,67661
Cuddihy Field,77534
Corntassel Airport,None
Cross-Country Estates Airport,None
E Northrop Grumman Airport,78626
Alpha Hotel Airport,84307
Meadow STOLport,24534
Hill City-Quadna Mountain Airport,05465
Fisher Airport,55748
Merrymeeting Field,None
Kistler Ranch Airport,None
Terra Firma Airport,None
City of Coalgate Airport,80833
Duda Airstrip,74538
Sunniland Ranch Airport,None
J. H. Hendrie Farms Airport,None
Sapelo Island Airport,33943
Symms Airport,None
Hemmer RLA Restricted Landing Area,None
Alderson Airport,62832
Boss Airport,67422
Sauer Airport,42518
Aeleron Airport,60420
Wormid Airport,70541
Lindbergh Airport,01772
Twin Oaks Airport,04983
Williams Field,None
Clark Airport,None
Keller Brothers Airport,None
Whiteheart Farm Airport,17088
Brecht Strip,27023
Laurel Municipal Airport,None
Md1 Airport,None
Kenley Airport,10998
Parks Airport,44404
Broken B Airport,None
Saxon Sycan Airport,73048
Richmond Airport,None
B. J. Mc Combs Sisterdale Airport,02836
Cross Wind Airport,78074
Stevens-Crosby Airport,76082
Springwood Airstrip,None
Knolle Ranch Airport,24066
Peterson Airport,77878
Stronghold Airport,99652
Alta Sierra Airport,None
Cottonwood Field,None
Placid Lakes Airport,81077
Cheryl-Lane Landings Airport,33852
Sunnybreeze Airport,33513
Skydive Iowa Airport,31788
Taylor Ranch Landing Area Airport,52211
Gibbons Field,None
Gordon Airport,None
Coffman Airport,None
Pine Hill Airport,46725
Kallander Field,61012
Perrotti Skyranch Airfield,01772
W Johnson Field,None
Hogue Farm Airport,56245
Airhaven Airport,65781
William Irving Lewis Airport,12580
Dakota Air Ranch Airport,68007
Eagle Field,74021
Sullivan Lake State Airport,16870
Lazy G Bar Ranch Airport,None
Running M Ranch Airport,None
Pitcock Rosillos Mountain Ranch Airport,74674
Smokey Mtn Ranch Airport,None
Alum Ridge STOLport,None
Parkway Farm Strip,24091
Pilot Station Airport,None
Scotts Airport,99650
Anderson Lake Airport,None
Yentna Bend Strip,99654
Young Creek Airport,None
Victory Airport,None
Bradley Lake Hydroelectri Project Airstrip,None
Falcon Lake Strip,None
Resort Airport,99632
Wilson Creek Airport,36426
Hooterville South Airport,35634
Taylor Field,None
Western Sky Airport,None
Flying Bucket Ranch Airport,None
Castle Well Airport,None
Brewer Airport,85342
Warren-Sugarbush Airport,04474
Triple R Airport,05674
Hinckley Airport,64439
Canadian Lakes Airport,60520
Grandpas' Farm Mendota Airport,49346
Cushing Field Ltd Airport,61342
Shepherd Farm Airport,93460
Emory Ranch Airport,92070
Ward Ranch Airport,None
Blech Ranch Airport,None
Foxx Valley Airport,None
Pinon Canyon Airport,None
Fox Hole Airport,None
Yosemite Hidden Lake Ranch Airport,80026
Krey Field Airport,None
John Nichol's Field Airport,None
Bohunk's Airpark,91915
Tera Ultralightport,None
Fiorini Ranch Airport,93555
Sutter Butte Dusters Airport,95303
Dave's Airport,95953
Crested Butte Airpark,80026
Flying M & M Ranch Airport,80757
Cartwheel Airport,None
Van Treese Airport,None
Wilber Municipal Airport,None
Ada Airport,68333
Air Park North,45810
Corydon Airport,49611
Ott's Landing Airport,50060
The 2A Ranch Airport,34266
Dugger Field,None
Breezy Knoll Airport,None
Joy Farms Airport,None
Harper's Fly-In Ranch Airport,None
Mc Daniel Ranch Inc. Airport,None
North Buffalo Suburban Airport,None
Halls Flying Ranch Airport,14094
Mustang Field,30228
"Airnautique, Inc. Airport",None
Ayresouth Airport,30643
Paradise Falls Airport,30179
Sunset Strip,30645
Hickory Level Airfield,None
Paso Fino Farm Airport,None
Roberta Industrial Park Airport,None
Pinewood Airport,31078
Crystal Lake Airpark,30134
Lookout Mountain Airport,None
Pecan Patch Airstrip,30757
Carpenter Airport,30223
Pegasus Ranch Airport,30802
Brazil Clay County Airport,30467
Sharar Field,None
Moore Private Airport,52646
Hannen Airport,50165
South Fork Ranch Airport,52347
Ziggy's Airport,52213
Flying Joseph Ranch Airport,None
Coyote Run Airport,None
Black Butte Ranch Airport,None
Ez Lope Ranch Airport,None
Z X Ranch Airport,None
Pinnacle Airport,None
Corral Creek Airport,None
Chuck's Airport,None
Unsicker Airport,47320
Marshall Field,46902
Kropf Airport,46506
Frost Field,47929
Sutton's Field,46140
Winters Airport,46356
Flying B Ranch Airport,46125
Walter Airport,61834
Snider Field,60151
The Lazy K Airport,60115
Graves Landing Strip,None
Air Park Field,None
Byrne Field,None
Parrish Airport,None
Cady Aerial RLA Restricted Landing Area,47122
Dawson Farms Airport,61071
Flying Ten Airport,None
Dobie's Airport,32618
Camp Chippewa Airport,None
Norris Airport,None
Kendrigan Airport,None
Mono Aircraft Airport,None
Pearce Field,67110
Lmn 120 Airport,None
Owen Air Park,67068
Arnemann Farms Airport,41035
Cambron Field,42134
Clinton-Hickman County Airport,None
Lida Junction Airport,42031
Goldfield Airport,None
Double H Ranch Airport,89013
Don Babin-Private Airport,70734
Rebel Field,70769
Kaufield Airport,70706
Jerseyville Aviation Inc Airport,61008
Koenig Airport,62052
Flaherty Field,61474
Busboom RLA Restricted Landing Area,61342
Gord Airport,61873
Theriot Field,60548
Trahan Ultralightport,70301
Dufour Airport,70525
Morgan Field,71322
Lonesome Dove Airfield,70762
Huenefeld Airport,70650
Taylor Field,71203
Pond View Private Airport,20682
Walters Airport,None
Peasley Field,21771
Sugar Springs Airpark,04505
Kelleys Airport,None
Lesterson-Dempsey Airstrip,None
Young's Airport,49841
Brinkman Airport,49748
Matson Field,56003
Keller Airport,55975
Ferros Ranch-Aero Airport,55082
Flying G Airport,64735
Joe D Lewis Airport,64739
Hall Airport,63631
Sloan's Airport,None
Topton Air Estates Airport,None
Franklin Field,39301:39305
Lewis Air Service Airport,None
Hale Field,38756
Catfish Point Airport,38863
Williams Field,39776
Kimp Airport,None
Cottonwood Airport,59840
Hanson Airport,None
Pinehurst Ranch Airport,59925
Lone Hawk Airport,59844
Sunderland Airport,None
Slaughter Airport,None
Lambs Field,64658
Prince STOLport,64020
Roosterville Airport,63766
Chandelle Estates Airport,64157
Albanna Aviation Airport,19901
Goerger Airport,19943
Sorlie Airport,58061
Boyd's Turf Airport,None
Bearwallow Farm Airport,58654
Flying S Ranch Airport,27025
Gilbertson Field,27013
Schumacher Strip,58357
Merrihew Airport,58542
Runner Landing Area Airport,None
Merry Airport,None
Newman Airport,None
Frager Field,None
Fla-Net Airport,None
Dix Field,07857
Berdick Field,08234
Spring Brook Airport,14766
Westwind Farm Airport,None
Seven Gullies Airport,None
Lapeer Flyer Airport,14462
Rocky Reef Farm Airport,13803
Columbus Municipal Airport,12506
Negrito Airstrip,88029
Bennetts Airport,None
Russell Field,12853
Kermizian Airport,12831
Murphys Landing Strip,None
Wenskoski Field,None
Corning Municipal Airport,12070
Ward Field,96021
Fry Field,None
Apple Airport,45068
Fry Airport,45356
Galloway Airport,45123
Salt Box Airport,44870
Victor's Landing Airport,44234
Hidden Quarry Airport,44048
Edmond Airport,45652
Mckey Airport,73034
Mckinley Ranch Airport,73433
Rock Creek Farm Airport,None
Chappell Airport,None
Ellis/Harvey Airport,73044
Long Ranch Airport,74034
East Oregon Cattle Co Airport,97634
Rome Service Airport,None
Marr Field,None
Sutton on Rogue Airport,97361
Hanel Field,None
Van Pak Airport,97041
Philadelphia Gliderport,17361
Haunstein Ultralightport,18927
Robbins Farm Airport,17053
Ecko Field,16947
Fisher Airport,17036
Hostetler Airport,16317
Fletcher Airport,None
Flying Acres Airport,16145
Kitner Airport,16057
Nichols Airport,17024
Drillmore Acres Airport,None
Shriver Airport,None
Paul Personal Use Airport,16354
Frederick Airpark,None
Carsonville Airport,16361
Old Orchard Airport,17032
Sonoma Valley Airport,None
Selma Airport,None
Sonoma Skypark Airport,93625
Lincoln Municipal Airport,95476
The Red River Airport,65338
Plainville Airpark,71019
Meadow Creek Usfs Airport,67663
Lodi Airport,57630
Bledsoe Ranch Airport,None
Oasis Ranch Airport,None
Porch Ranch Airport,None
Juhnke Airport,None
Buddy Harmel Airport,None
Smith Farms Airport,None
Tate Ranch Airport,None
Erco Field,None
Alta Vista Ranch Airport,75143
Robertson Ranch Airport,None
Buzz Field,None
Hilltop Lakes Airport,70256
Santa Maria Ranch Airport,77871
Gorman Airport,None
LBJ Ranch Airport,76454
R & S Buzzard Airport,78671
Mc Donald Airport,37742
Riner Farm Airport,37128
Dooley Airport,37828
Ultralight International Ultralightport,76247
Ullrich Airport,76052
Lake Bay Gall Airport,78946
Flying U Airport,None
Flying 'K' Ranch Ultralightport,76068
Nassau Bay Airport,78570
Pecan Plantation Airport,76049
Elm Creek Airpark,75022
Jacobia Field,78155
Card Aerodrome,75403
Landmark US Forest Service Airport,None
Warm Springs Creek Airport,None
Copper Basin Airport,None
Mahoney Creek US Forest Service Airport,None
Hollow Top Airport,None
May Airport,None
Lee Williams Memorial Airport,None
Johnson Fox Field,83253
Riverwood Airport,None
Hunt Airport,24448
Coffman Field,24151
Jayarz Airport,23146
Handy Strip,None
Brooklyn Airport,None
Dwight Field,23128
Curtis Airport,23086
Mort's Landing Airport,None
Doering Farms Airfield,54826
Crash In International Airport,53017:53027
Simandl Field/Private Airport,53949
With Wings And A Halo Airport,53150
Oconomowoc Airport,54985
Mc Manus Hoonch-Na-Shee-Kaw Airport,53066
Shangri-La Airport,None
Coopers Landing,None
Potts Field,99337
Wings For Christ Airport,53126
Dorsey Creek Ranch Airport,98841
Seven C's Ranch Airport,83120
74 Ranch Airport,None
Bar 3 Ranch Airport,None
Diamond H Ranch Airport,None
Rodgers Roost Airport,78626
John Fields Ranch Airport,None
Lakeside Beach Airport,None
Anacacho Ranch Airport,None
Dunbar Ranch Airport,None
French Field,None
Lambert Fechter Municipal Airport,75757
Road Commission Nr 1 Airport,50450
Hunt Strip,None
Pierce Airport,99629
Silkman Farms Inc. Airport,None
Winsted Municipal Airport,None
Rosser Ranch Airport,55395
Seven Feathers Airport,34748
Beaverbrook Aerodrome,34434
Flyers Airport,30223
Flat Top Airstrip,50701
Industrial Helicopters Inc. Airport,None
Hoolie Airport,None
Johnston Farm Airport,70583
Smith Strip,None
Zoellner Airport,None
Hickory Hills Airport,None
Stevens Mountain Airport,73068
Flatwood Field,None
Nashs Airport,37090
Buds Landing Airport,24522
Willow Creek Ranch Airport,54114
Flying S Air Ranch Airport,None
Rocking T. Ranch Airport,76802
Whetstone Airport,None
Turner Field,None
Hansen Airport,93725
B & L Farms Airport,None
Williams Field,None
Atterbury Field (Camp Atterbury),None
Jr's Airport,None
Thacker Airport,46149
Jasmine Hill Airport,61726
Fulton-Itawamba County Airport,71433
Bulljump Airport,None
Tim's Airport,02576
Redgate Ranch Airport,21801
Lammers Airport,63361
Candlelight Farms Airport,None
Kaan Airport,06784
Hop House Airpark,None
Saikkonen Airport,None
Hide-A-Way Hills Resort Airport,14883
Unity Airport,43138
Beefor Ranch Airport,97884
Holiday Sky Ranch Airport,73080
Eakin Airport,97479
Sekiu Airport,16346
Salem Field,76050
Pt Enterprise D&W Ranch Airport,37040
Butler Airport,None
Flying R Airport,75092
Homeport Airport,22443
Arkavalley Airport,99020
Gibbons Airport,72058:72173
Ranta Strip,None
Faber Vineyards Airport,85342
Newton Field,95237
Richter Airport,93264
Omega 1 STOLport,None
Plueger Airfield,None
Flying B Ranch Landing Strip,None
Pentecost Airport,51031
Hawker Airport,47330
J & S Field,60913
John M. Foree Airport,67135
Kml Airport,40011
Hains Airstrip,70663
John's Airport,None
Ferguson Farms Airport,48423
Green Acres Airport,65305
Lincolns Field,39669
Atlantic Field Mcolf Airport,None
Pietschtree Airstrip,28511
Reisig Brothers Airport,None
Gile Pond Airport,69361
Westport Airport,03235
Mcgregor Airfield,12993
Skinner Ranch Airport,45309
Monument Municipal Airport,97910
Over the Hill Airport,97864
Curtis Ranch Field,29045
Riley Creek Airport,None
Blo Airport,None
Griffin Airport,None
Hop-Along Airport,78605
Fowlers Nw 40 Airport,24448
Walker Airport,None
Crazy Horse Airport,None
Black Diamond Airport,None
Wood Farm Airfield,82411
Mc Croskey Field,79758
Satterbergs Airport,72007
Waltenberry Field Ultralightport,None
Maine Prairie Airport,None
Earle Airpark,95620
Oak Ridge Plantation Airport,32145
Hillside Stables Airport,None
Silva Ranch Airport,52070
Gage Airport,None
Daniel's Landing Airport,46733
Miles Airport,67002
Tee Brad's Airport,42301
Metropolitan Airport,70548
Socatean Bay Airport,01079
Melby Airport,None
Domeyer Airport,56309
Greener Pastures Airpark,None
Sorenson Airport,39426
Oak Grove Marine Corps Outlying Field,59532
Beaverhead Airstrip,28573
Aubrey Mountain Airstrip,None
Rigrtona Airport,97463
Richland Acres Ultralightport,16351
Jewett Mesa Airport,18955
Van Es Ranch Airport,None
Allison Ranch Airport,78337
Camano Island Airfield,None
Nowatzski Field,None
Littlefork Muni/Hanover Airport,53946
Four Corners Airport,56653
Rice-Bell Field Airport,99645
Good Pasture Airport,None
Burrs Strip,None
Sunshine Farms Airport,81023
Wells Flying Service Airport,32092
Bloom Airport,32565
Peaceful Cove Airport,45335
G & S Space Port Airport,None
Blue Haven Farm Airport,66072
Ring Hill Airport,40511
East-West Paris Airport,04434
Rose Field,49316
Holland Ranch Airport,39332
Beltzville Airport,58457
Camp Davis Mcolf Airport,18235
Aaron's Field,None
Mountain View Airport,None
Heilman Airport,68818
Pleasant Home Gliding Club Gliderport,43326
Boggs Field,44287
Hideaway Ultralightport,19512
Westport Airport,17566
Dean Ranch Airport,98595
Smith I-Ranch Airport,78070
O S Wyatt Airport,None
Keyes Ranch Airport,None
Krens Farm Airport,78620
Lz Ranch Airport,None
Lakewood Lodge Airport,98513
Isbell Ranch Airport,75092
Mark Reynolds/North Mobile County Airport,76523
Golden North Airfield,35625
Taylor Airport,None
Quail Mesa Ranch Airport,None
Hunt Farms Airport,72320
Orange Hill Airport,95340
Weltzien Skypark Airport,32025
Darla's Airport,44281
Stella Airport,31049
Scanlon Airport,52031
Bugtown Airport,61031
Sickler Airstrip,47631
Brennan Farm Airport,66868
Cloverleaf Ranch Airport,None
Canapitsit Airport,61368
Tyler Farms Airport,04097
Applegate Airport,55289
Saubak Airport,63561
Jenkins Airport,None
Dragonfly Field,19934
Sindt Airport,27910
Cavage Personal Use Airport,68932
Lester State Ultralightport,18456
Fox Acres Airport,None
Dennis Farms Airport,None
Sunset Airport,48848
Peterson Field,None
Toy Airpark,None
Nunapitchuk Airport,None
Gattis Strip,99641
Yav'pe Ma'ta Airport,72157
Dry Pen Airport,86338
Little Deer Airport,81635
Skinners Wholesale Nursery Airport,None
J-22 Ranch Airport,None
Stangl STOLport,None
Harrington Field,51440
Harold Bunger Airport,46380
Kellums Airport,60145
Barnstormers 5 Airport,None
Findley Field,48473
Bangart Field,63013
Korver Airport,59013
Trump Airport,27946
Gregg Airport,45331
Myrtle Creek Municipal Airport,15332
Seven Springs Airport,29335
Holly Lake Ranch Airport,79772
Pineridge STOLport,75765
Little Goose Lock and Dam Airport,75703
Tightcliff Airport,None
Propwash Airport,None
Outlaw Flyers Airport,None
Bredlow Farm Airport,77303
Las Trancas Airport,None
Skylane Ranch Airport,None
Cotton Strip,80513
Jumbolair-Greystone Airport,33920
Coyote Ridge Airport,30263
Dreessen Field,83645
Pruss Airport,46574
Tevis Airport,47018
Lester Airfield,66510
Oink Acres Airport,42372
Yankee Field,61853
Bresett'S Mountainside Airport,None
Rgl Field,04754
Abel Ranch Airport,63361
B-B Airfield,None
Mitchell Field,None
Re-Dun Field,None
Kosik Private Airport,28337
Haas Airport,44050
Glide Aero Airport,45612
Chehalem Airpark,97443
Carolina Cow Country Airport,97115
Stone's Conservation Airport,29325
Comfort Airpark,None
Murphy Field,None
Kimzey Airport,37681
Jake Garn Airport,None
Ha-Rail Airport,84005
Jacksonville / Hunter Field,53551
Quahadi Ranch Airport,75857
18 Meadows Aerodrome,None
Buck Mountain Airport,99827
Sky Ranch At Carefree Airport,None
Bowles Airport,85277
Skypark Estates Owners Assoc Airport,None
Sleepy Hollow Airport,32531
Mc Gill Airport,30655
Kester Fly Inn Airport,46034
Skamokawa East Valley Airport,47802
Fowler Airport,98647
Cherokee Strip,67844
Hines Farm Airport,04558
Gimlin Airport,56466
Fish Ranch Airport,65721
Lanni Field,None
Doc's Airport,None
Strip in the Woods Airport,68361
Jer-Mar Airpark,12475
Boggy Bottoms Airport,44050
Red's Field,43464
Slack Airport,97101
Connelly Field,17265
West Kerr Ranch Airport,29145
Alert Field,None
Flying 'T' Ranch Airport,None
Lynn Airport,75189
Lantana Ridge Airport,26410
Gardner Farm Airport,None
Milaca Municipal Airport,79243
Naylor field,None
Montezuma Airport,72173
Willow Pond Aviation Inc Airport,86322
Ancam Antique Airfield,30215
Skillet Fork Farm Airport,46041
Conrads Airport,62895
Neiner Airport,41030
N Bar Ranch Airport,60950
Double S Airport,None
Breckheimer Airport,27856:27868
Hoyt Airport,None
Riveredge Airpark,None
Four Seasons Airport,13029
Gerhart Airport,None
Nelson Ranch Airport,None
Lake Airport,None
Sexton Airport,17846
Lagrone Ranch Airport,29355
Cut and Shoot Airport,75032
Ferraraccio Field,77306
Woody Mc Clellan Ranch Airport,37043
Flying W Airport,76528
Key Way Airport,None
Erickson Field,98610
Draggintail Acres Airport,54762
Arthur Airport,12541
Empire Airport,76064
Crevice Creek Airport,89405
Kenai River Airpark,None
Talachulitna River Airport,99672
Tri-L Acres Airport,None
Elsanor Airport,35051
Berry Field,36567
Moore Field,36551
Breckenridge Airport,35004
Walls Airport,72112
Taylor Airstrip,72037
Cherokee Strip,72040
Diamond Bluff Airport,None
Country Air Estates Airport,None
Mobile Airport,72086
Paradise Air Park,None
Willow Springs Ranch Airport,85043
Franconia Airport,None
Chapin Field,03580
Argyle Airport,12816
Cottonwood Airport,12838
Frazier Lake Airpark,61088
Aha-Quin Airport,93251
On the Rocks Airport,None
Reed Airport,91901
Eagle Soaring Airport,80620
Pontious Airport,None
Williams Ranch Airport,None
Bellmore Farms Airport,81431
Clifford Field,80648
Melon Field,None
Dodsworth Airport,81067
Everitt Airport,None
Canton-Plymouth-Mettetal Airport,None
Mayfield Airport,None
Luther Airport,44685
Hector Municipal Airport,13037
Mckeown Airport,55342
Dry Swamp Airport,19709
Terlingua Ranch Airport,29039
Palo Duro Airport,None
Elkins Field,79118
Buffalo Airport,28433
Moores Airport,None
Maples Field,None
Plateau Sky Ranch Airport,None
Airpark East Airport,12134
Post Oak Ranch Airport,75160
Pine Island Airport,34429
Villa Char Mar Airport,33922
Bass Limited Airport,None
Corkscrew Trace Airpark,32350
Michael Airfield,34142
Eddie Dew Memorial Airpark,13039
Flying N Estates Airport,31331
Shilo Farms Airport,None
De De Airport,None
South One Ten Airport,31632
Aerie Airport,31639
C & W Air Park,30641
Answered Prayer Airport,31836
Beckley Farms Airport,None
Flying D Airport,31030-4313
Forestry-Strip Airport,30206
Hay Field,31523
Waverly Landing Airport,30650
Airlane Enterprises Airport,31831
Harvey Young Airport,13041
Nest of Eagles Airport,12083
Marcy Field,74108
Shawnee Field,12943
Converse Airport,47465
Delphi Municipal Airport,46919
Brown Truck Sales Airport,None
Wallace Field,None
Aero-Lane Airport,50841
Beaux Ranch Field,51645
Red Baron Airpark,83841
Skyline STOLport,83325
Adams Airport,83245
Davis Airport,46711
Amy Airport,47838
Morris Airport,46960
Barnstorm Field,46140
Flight Park Inc Airport,61738
Loy Airport,62260
Holland Field,60912
Belknap-Icarus Acres Airport,61754
Confer's Place Airport,47456
Robinson Airpark,46818
Bottoms Brothers Airport,47117
Harold Emmerich Airport,47918
Triple Creek Airport,62221
Cribbet Airport,61813
Swan Valley Farm Airport,62514
Walder's Farm Airport,61078
Fort Walton Beach Airport,60518
Mahogany Mtn. Airport,32566
Lloyd Stearman Field,97638
Hamilton Field,67017
Waynoka Municipal Airport,67037
South Grand Lake Regional Airport,73860
Kalakaket Creek AS Airport,74301
Huey Airport,None
Cochran Airport,67502
Risky Airport,66042
Leo's Place STOLport,66020
Keyser Airport,66554
Silers Plane Valley Airport,None
Hitch Feeders Ii Inc. Airport,67470
Buehler Airport,None
Belleair Airport,67871
Jordan Hill Farm Airport,40486
Kidwell Airport,40575
Triche Field,70542
Goose Island Airport,70057
Morrow Strip,None
Boondox Field,71356
Spring Brook Airport,61360
Janssen Airport,None
Edwin G. Bennett Airport,61078
Zoomer Field,None
Cal Mire Field,60966
Cameron Airstrip,70728
Ardmore Airport,71334
Myricks Airport,42041
Unknown Field,02779
Mayberry Run Airport,01745
Nikkila Farms Airport,None
Black River Ranch Airport,None
Ramsy Farm Airport,None
Mckenzie's Landing Airport,49807
Vlachos Acres Airport,49783
Southfork Airport,49747
Wetherbee Farm Airport,None
Hay Acres Airport,None
Molnau Airpark,56347
Sky Harbor Residential Airpark,55387
Lake Viking Airport,64742
Longwood Mfg Corp Airport,64620
Double S Ranch Airport,64640
Hines Airport,63943
Eagle's Point & Red Barn Village Airpark,65037
Tapley Airport,None
Peterson Airport,38773
Eagles Ridge Airport,39079
Columbus Air Force Base Aux Field Airfield,38632
Nine Quarter Circle Ranch Airport,39361
Skyrider Ultralightport,None
Wood Strip,None
Davis Airport,57928
Bobcat Field,None
Prill Field,None
Wilcox Airport,59472
Medcalf Field,59103
Smitty's Landing Airport,65738
Short Air Airport,64444
Mooseberry Airport,None
Church's Landing Airport,63755
Carlson Agricultural Airport,64440
Spadaro Airport,None
Albert Airport,11940
Bennett Airport,16821
Bohn Airstrip,21801
Preszler Airstrip,None
Myran Airstrip,59560
Delk's Airport,None
Ron's Ultralight Field,27205
Atwell Airport,27312
Fletcher's Airport,28115
Bell Strip,None
Riley Field,28573
Lonesome Field,None
Northbrook International Ultraport Ultralightport,28071
Andvik Airport,28168
Walkinshaw Airport,None
Dittmer Airport,None
Higgins Bros Airport,None
Paul Ridder Ranch Airport,None
Witthuhn Airport,None
Sibbernsen Airport,None
Miller Airstrip,68007
Roxbury Runway Airport,None
Westtown Airport,12474
Catalano Airfield,10933
Boonville Inc Airport,12941
Me-Own Airport,13309
Fallon Southwest Airpark,13901
Richland Airpark,89496
High Banks Farm Landing Area Airport,13426
Sherman Field,None
Killian Airfield,12540
Dunsmuir Muni-Mott Airport,13147
Bashore Airport,96067
Mole Airport,45359
Kepes Flying Field,45107
Frith Airport,45369
Yoder Airport,45107
Erdy Farm Airport,44641
S and S Field,45152
Dougherty Airport,43343
Mather Field,44836
Derry Landing Strip,44870
Lisbon Airfield,43701
Pauls Airport,45368:45369
Stone Airport,44062
Mc Colloch's Airport,45345
Neversweat Airport,45356
Dave's Place Airport,None
Wolfe Field Airport,73750
Hohman Airport,None
Grimes Airport,73655
Hankins Airport,73003
Steciak Strip,73448
Sunnyhill Airport,73045
Sunset Air Strip,97459
North Plains Gliderport,97133
Clackamas Heights Airport,None
Skyhill Airport,97045
Plymouth Municipal Airport,97004
Hinaman Acres Airport,03264
Ridgeview Airport,None
Wagner Airport,18942
Beaver Creek Ultralightport,17029
Whittle Airport,16141
Schadels Airport,19348
Bentley Airport,17836
Napodano Airport,19470
Ickes Airport,16154
Sankey Airport,11666
Wicker & Wings Aerodrome,16666
Gravelly Valley Airport,93267
Point Roberts Airpark,None
Eckhart International Airport,98281
Darrington Municipal Airport,None
Seiling Airport,None
Priest River Municipal Airport,73663
Slate Creek Airport,83856
Arlington Municipal Airport,83554
Gwinn Field,None
Dorsey Ranch Airport,None
Burke Field,None
Turkey Ridge Airport,None
Vig Limousin Airport,57036
Drake Farm Airport,None
Bogner No Ii Airport,None
Tribitt Airport,57763
Bulverde Airpark,57246
Vigo Park Airport,78163
Last Resort Airport,None
Two Leggs Airport,None
Thompson Field,None
Locker Brothers Airport,None
Briscoes Catarina Ranch Airport,None
Flying F Ranch Airport,None
Bolton Airport,77532
Zuehl Airport,None
Corpora Airport,None
Moore Airport,77859
Ray Farm Airport,79098
Kahuna Bay Airport,78114
Rmr Ranch Airport,75090
Kay Airport,37087
Wagner Field,37857
Higdon Airfield,37306
Eagle Air Airport,37931
Laas Farm Airport,77514
Bar 16 Airport,None
B & S Ultralightport,76648
Dentonio Ranch Airport,77395
Landers Ranch Airport,None
Yoakum Airport,79532
Beggs Ranch Airport,79236
Shoreline Ranch Airport,None
Laney Farm Airport,78645
Muxworthy Airport,None
Killion Ranch Airport,76531
Hawk Ranch Airport,79534
Bear Trap Airport,79043
Moose Creek /US Forest Service/ Airport,None
Murphy Airport,None
New Meadows Airport,83650
Oakley Municipal Airport,83664
Pine Airport,83346
Sabot Airport,None
Micro Airport,23103
Aaron Penston Field,22922:24521
Flying T Farm Airport,23924
Whithall Farm Airport,22554
J-Z Airport,22520
Grove Field,99103
Mexico Farms Airport,98607
Pilot's Pastures Airport,21502
Fall City Airport,98596
Friday West Airport,98024
Waco Field,98250
Spring Valley Farm Airport,45373
Williams Airport,53576
Bed-Ah-Wick Field,54904
Aero Estates Airport,54968
Buzzards Roost Airport,None
Jorgensen - Stoller Airport,54970
Blackhawk Island Airport,54201
Schmidt Ranch Airport,53538
Kettle Moraine Airport,None
Covered Bridge Fields Airport,None
Danielson Field Airport,53012
Simons Airfield,54026
Sky Acres Airport,78642
Mikeska Field,None
Flying Armadillo Field,77466
Tailwheel Acres Airport,None
Gloster Aerodrome,None
Hackberry Airport,77474
Skye Dance Airport,77532
Barton Field,78621
Judge Lewis Field Mt Ayr Municipal Airport,None
New Hampton Municipal Airport,50584
Paullina Municipal Airport,50645
Grand Canyon Bar Ten Airstrip,51248
Owen Field,None
Rak Airport,99562
Mysterious Valley Airport,72061
Golden Land Ranch Airport,85241
Pratt Airport,34972
Lake Suzy Estates Airport,None
Earl L. Small Jr. Field/Stockmar Airport,33983-5341
Harrington Airport,30180-2124
Kay Air Airport,83613
Canary's Airport,46158
Mitek Airport,46131
Quail Creek Airport,61089
Airpark Estates Airport,None
Madi's Meadows Airport,None
Royal Wood Aerodrome,41092
Prevost Airport,64073
Mountain View Airport,None
Crooked Lake Airstrip,None
Stafford Airport,None
Will and Wiley's Aerodrome,14482
Warner's Airport,74018
Lutgen Airport,29651
Mag Drop Airport,57276
Reece Ranch Airport,75491
Bains Private Airport,76055
Woodford Airpark,None
Hawk Ridge Airport,22580
Skatter Creek Airport,24523
Klutts Field,98579
Montana Creek Airport,None
Skarda/Tollville Airport,None
White Mountain Lake Airport,None
Rockledge Airport,85901
Land's Field,32955
Kings Field,32447
Deer Crossing Airport,34711
Minneman Airport,None
Lincoln Farm Airport,47348
Solitude Airstrip,42748
Carroll Airport,None
The Peninsula Airport,21660
Rosenau Airport,65747
Propwash Airport,None
Don Kichote-Quixote Airport,None
Ames Airport,13415
Clearwater Airpark,97392
Seaberg Ranch Airport,29540
Ray's Stall Airport,77535
Shilling's Airport,37843
Eagles Nest Airport,75503
Ranger Creek Airport,23419
Houston Airpark,None
Double Tree Farm Airport,77581
Flying E Airport,None
Bandel Airport,None
Hidden River Airport,15330
Riverside Airport,34240
Treasure Gulch Airport,30733
Lewis Airport,83666
Heller Airport,47620
Johnson Farm Airport,61036
Pike's Airport,71339
Laura's Landing Airport,70512
Sky Landings Airport,None
Wounded Buck Ranch Airport,39452
Flint Ridge Airport,None
Grone Airport,None
Withrotor Airport,None
Giovannone Airport,None
Smith Field,None
Iron Crown Airport,None
Fenner Ranch Airport,97385
Southwind Airport,None
Kissack/Reynolds Airport,53533
Longhorn Aux Landing Strip,82727
Mallard Airport,76558
Yuknis Airport,36925
Classic Airstrip,None
Moreton Airpark,None
Lefko Airport,85358
Aviation Acres Airport,96032
Douthitt Strip,80807
High Mesa Airport,92243
Karlstad Municipal Airport,None
Full Throttle Farm Airport,None
Gyro Town Usa STOLport,19734
Lt Landing Airport,None
Southfork Airport,31019
Clark Airport,None
Ney Airport,62367
Barnes Farm Airport,66086
Dyer's Field,70435
High Grove Airport,04276
Oerke Enterprises Airport,55939
Bayport Aerodrome,59715
Minnkota Private Airport,11705
Stromsburg Municipal Airport,58530
Windswept Airport,68666
Alliance Airport,None
Long Acre Farms Airport,08318
Whitfield'S East Airport,14568
Jolamtra Landing Area Airport,None
Cedar Acres Private Group Airport,14810
Seeley Lake Airport,18942
Rowland R Airfield,59868
Bertani Ranch Airport,75489
The Grove/Ranch Airport,None
Wheatland Airport,76528
Murdock's Holly Bu Airport,23921
Willie's Airport,05143
Bocamanu Airport,54875
Shorthorn Aux Landing Strip,25942
Toad Lake Strip,76558
Griffin Agricultural Airport,99629
Pleasant Valley Airstrip,72380
Lowell City Airport,None
Boswell Airport,49331
Bee Field,93212
Garcon Field,06351
Isley Field,32583
Krassel US Forest Service Airport,50613
Williams Farm Airport,47448
Lambert Airport,42440
Wilderness Airpark,None
Slip Knot Landing Airport,49330
Bergemann Airport,04062
Mistwood Airport,56034
Haggerty Airport,65020
Mc Gee Field,None
Orr Airport,28110
Milburn Airport,None
Reeds Airport,None
Kindelberger Landing Strip,44641
Pinehurst State Airport,15042
The Farm Airport,None
Moore Ranch Airport,29070
Thurber Lake Airport,None
Cherrystone Airport,76463
Irlbeck Airport,23310
Cross-B Airport,53147
Mcminn Airport,78223
Skyflight Airport,36206
Honeybee Lake Aero Park Airport,99709
Mystery Well Ranch Airport,99688
Loma Madera Ranch Airport,None
Lux Field,None
Van Dyke Strip,None
Crystal Lakes Airport,None
Connell's Wahoo Airport,None
Miller Farm Airport,33513
Bob Davis Flying Service Airport,None
Reid-Eash Airport,None
Wyrill Farming Airport,46746
Whalen Field,67661
Cook Airport,21668
Blatter Airport,64870
Smith Air Strip,None
Corr Airport,None
Loucks Airport,69355
Dream Catcher Ranch Airport,14840
Hammond Airport,None
Morrison Field,44632
Mountain Ridge Airport,44402
Ferris Airport,29687
Miller Airfield,77521
Hubbard Airport,None
Memaloose Airport,75901
Hart Ranch Airport,None
Little Plum Creek Airport,None
Headwaters Airport,None
O'Brien Airpark,None
New York Mills Municipal Airport,75154
Richardson Field,56518
"Fly ""N"" K Airport",None
Flying Dare's Ranch Airport,72143
Boeckmann Ranch Airport,None
Hennessy Airport,95693
Seven Shamrock Airport,30263
Duane E. Davis Airport,83864
Ficklin-Airtech Airport,61047
Pepperell Airport,60178
Van Strien Airport,01363
Christianson Field,49355
Taber Field,56548
Hutchinson Airport,65761
Ocean City Municipal Airport,None
Boonville Airport,08226
Chitwood Airstrip,27011
Darrow Field,58831
Oakridge Ranch Airport,None
Duck Creek Airport,None
Lowrance Ranch Airport,74047
Wolf Lake Airport,None
Kitty-Wompus Airport,49201
Little Texas Airport,None
Eagle Roost Airpark,None
Mecosta Morton Airport,None
Holiday Ranch Airport,85320
Sopwith Farm Airport,None
Roubideau Airport,None
Wilson International Airport,None
Oldfield Aero,None
Gelfius International Airport,52565
Bellamy Farm Airport,62828
Ralph Jacobs Airport,None
Myles Landing Airport,62295
Miller Field,21623
Lake Bronson Airport,48768
Route 66 Airfield,56734
Rahn Airport,64836
Mohawk Air Park,59903
Schaller Airport,None
Thomas Landing Airport,45868
Lake Wenatchee State Airport,17086
J C's Airport,None
Tegeler Airport,98238
Kurt's Field,54021
Sport Flyers Airport,76487
Goose Creek Airport,77423
Gates Ranch Airport,28014
Henley Aerodrome,None
Sampley's Airport,72579
Jim Finlay Farm Airport,93665
Cedar Farm Airport,32112
West Grove Airport,47135
O K Flying Club Inc Airport,61047
Highland Farm Airport,62094
Brandon Airdrome Airport,66079
Williamson Airport,42071
Cranland Airport,None
Cannizzaro Field,02350
Miller-Herrold Airport,01086
Pasley Airport,49621
Vineland-Downstown Airport,None
Thies Airport,08360
Ritchie Airfield,None
Dry Pond Airport,None
Spaudling Aerodrome,13624
Newbury Airport,14782
Pellar Farm Airport,43540
Yarrow Airport,97019
Duval County Ranch Co Airport,19473
Midlake Airport,None
Boe-Wrinkle Airport,None
Lehman Airport,76085
Owyhee Reservoir State Airport,76384
Rutherford Airport,98685
Flying G Airport,54721
Remington Field,75142
Grindstone Air Harbor Airport,None
Dubey Airport,48467
Joe Vaughn Spraying Airport,95633
Rolling Meadows Airfield,79052
Norm's Airport,30277
Homestead Airport,46350
Cramer Aerodrome,46725
Schlosser Airport,None
Sawyer Field,21635
Wetenkamp Airport,48854
Rollert Farm Airport,56583
Craik Airport,64089
Kroelinger Airport,None
Bartmess Airport,08360
Fox Airport,None
Hannah Rhea Field,None
Cactus Hill Airport,None
Lockett Airport,76310
Rhynalds Ranch Airport,76384
Whittlesey Cranberry Co Airport,22712
Addison Municipal Airport,None
Lime Village Airport,None
Mac Kenzie Country Airpark,None
Blair Lake Airport,99632
Clear Creek Airport,None
Bootleggers Cove Airport,None
Johnstone Point Airport,None
Hog River Airport,None
Bald Mountain Airport,None
Icy Cape Afs Airport,None
Independence Creek Airport,None
Collier Airpark,None
Emerald Mountain Airport,36535
Flying J Ranch Airport,36093
Dale O. Galer Aerodrome,35967
Mount Aero Lake Farm Airport,36590
Finkley Farm Airport,35077
Bully Henry Airport,36869
Davidson Field,None
Ashmore Field,72561
Glenn Winchester Airport,72719
Indian Hills Airpark,71887
El Mirage-Village Square Airport,None
Millar Airport,85335
Donnelly Residence Airport,None
Mc Gill's Ultralight Field,None
Tubac Ultralight Flightpark Ultralightport,85310-4403
Cape Cod Airport,None
Plum Island Airport,None
Hollister Field,0264
Post Mills Airport,01951
Flying A Airport,05058
Almena Airport,None
Tri-County Airport,49079
Cones Field,61572
Crosswinds Airport,None
Blackinton Airport,None
B & E Ranch Airport,None
Bijou Springs Ranch Airport,None
West Divide Airport,None
Safer Airport,None
Kellogg Airstrip,80107
Mc Cabe Ranch Airport,80535
Longbell Ranch Airport,95912
Mustang Airport,None
Tenaja Valley Airport,None
Paramount Farms Airport,None
Lake Arrowhead Airport,None
Cherokee Trail Ranch Airport,92402
CMRS Airdrome Airport,None
Jackrabbit Strip,81201
Edenway Airport,80634-8412
Barber Airport,81008
Beach City Airport,44411
Willaview Airport,44608
Murphy's Landing Airport,19943
Groton Municipal Airport,19963
Cackleberry Airport,None
Skiatook Municipal Airport,None
Monroe Airpark,74070
Southern Ranch Airport,None
Thunderbird Air Park,None
Freeflight International Airport,None
Mount Olive Farm Airport,32181
Lazyboy Airport,None
Hobby Hill STOLport,32008
Highlander Airport,None
Lib Field,32759
Crystal Village Airport,32189
Folsom Airport,None
Tiger Lake Airport,None
Gorham Airport,33856
Poole Farm Airport,03581
Swaids Field,30054
Wrights Field,31329
Mack's Field,31070
Catoosa Springs STOLport,30206
Shannon Flight Strip,None
Lenora Airport,30161
Chukkar Farm Ultralightport,30039
Petty Farms Airport,30004
Andy Fields Airport,30711
Triple H Airport,54732
Happy Landings Airport,49004
Linda's Roost Airport,50423
Josephine Ranch Airport,83251
Splan Airport,None
Lemons Field,83630
Ed-Air Airport,None
Indian Hills Flying Field,None
Stottlemyer Airport,46902
Baird-Wolford Airport,46036
Sneek Airport,None
Mc Cartney Airport,None
Watters Airport,61024
Mc Neal's Field,60917
Mountain Airport,61244
Sutton Airport,62340
Low and Slow Airport,62869
Meadow Creek Airport,62226
Skip's Place Airport,60449
Gerig's Field,46777
Tatertown Airport,46725
Midkiff Airport,46501
Galloway Airport,47356
Jackson Field,46184
Ritter Field,None
Schertz Aerial Service - Cooksville Airport,None
Wakulla County Airport,61730
Pierson Municipal Airport,32346
Quincy Municipal Airport,32180
Pond Creek Municipal Airport,None
Air Park South Airport,73766
Telida Airport,65721
Elk County Airport,None
Argonia Municipal Airport,67353
Sunrise Beach Airport,67004
Rupp Airport,78643
Rush Airport,None
Stuber Flying Ranch Airport,66081
Plains Municipal Airport,None
Flying H Airport,None
Vonada Airport,None
Starshire Farm Airport,67481
Plane-O-Field Airport,66409
Oz Airport,42170
Womstead Field,None
Seldom Scene Airport,41164
Larimore Municipal Airport,40601
Bunkie Flying Service Airport,None
Reed Flying Service Inc Airport,71322
Howell 1 Airport,70543
Costello Airport,70748
Cwian Field,None
Weihler Airport,None
Roy Burden Restricted Landing Area,60551
Snow Airport,61772
Justus Airport,62544
Adams Restricted Landing Area Number 2,61864
George Airport,None
Chitimacha Air Park,None
Majors Airpark,70523
Harry S Truman Regional Airport,70750
Hoffman's Black Mountain Aerodrome,64011
Recompense Farm Airport,21838
Fly Away Farm Airport,20624
Ennis Aerodrome,20871
Hoby Wolf Airport,21849
Greater Gortner Airport,20674
Heartstone Farm Airport,21550
Larry D Boven Airport,48655
Mc Jilton Field,49048
Somerville Airport,48880
The Farm Airport,49301
Flugplatz Airport,48770
Capen Airport,48768
Pribbs Field,49332
Winter Strip,None
Dreamcatcher Airport,56260
Van Norman's Airport,None
Fussy Airport,None
Trygstad Airport,56314
Fletcher Field,None
Bird Field,64019
Northwood Airport,65781
Breckenridge Airport,64048
Pegasus Ranch Aerodrome,None
Hunziker Airport,65484
Fawn Lake Airport,None
Frerer Strip,None
Runway Ranch Airport,None
Puff Airpark,64138
Kimmel Land & Cattle Airport,None
Bates Airstrip,38851
Ryan Field,None
Braidwater Farm Airport,59936
Briar Creek Airport,5990
Gold Creek Airport,59721
Monroe Field,59733
Miller Airport,56010
Newfound Valley Airport,55319
Redwing Airport,17019
Soderquist Airport,08041
Slater Farm Airport,58579
Mountain Air Airport,None
Hawk's Knoll Airport,None
Scottbrook Farm Airport,None
Flying M Airport,None
Scotland Neck East Airport,27295
Goodnight's Airport,27874
Kraft Airport,28081
Westerlind Airport,None
Makeeff Airport,None
Casslindan Airport,58550
Brekhus Field,58258
Johnson Lake Airport,58787
Spring Lake Airport,68937-9804
Fiese Airstrip,None
Coppersmith Airport,69171
Kumor Airport,None
Pilgrim's Home Airfield,None
Jugtown Mountain Airport,None
Weidel/Private/ Airport,08848
Sanduff Farms Landing Field,08534
Markle Airport,08865
Rose Field,18063
Walton Airport,11759
Old Orchard Airpark,13856
Gibb Ranch Airport,12568
Catskill Valley Airpark,None
Byron Airpark,12482
Towner Farm Airport,14416
Kayutah Lake Airport,14870
Bristol Airstrip,14805
Victory Field,45148
Hilltop Airport,43040
Utter Field,None
El Rancho Airport,45153
Bohannan Airport,97396
Merritt Airport,43074
Cedar Creek Airport,43160
Jbr Airport,45339
Port-O-John Airport,45106:45130
Caesar Creek Soaring Club Gliderport,43126
Air Jordan Airport,45054
Aero Lake Farm Airport,45068
K & D Airways Airport,44273
Twin Lakes Airport,44805
Ragwing Acres Airport,73165
Ferrell Ranch Airport,None
Flying N Ranch Airport,None
Cole Landing Area Airport,None
Pata Skyhaven Airport,73065
Myers Field Airstrip,73026
Big Muddy Ranch Airport,97045
Heavens Gate Ranch Airport,None
Lockhart Airport,None
Sweet Home Airport,None
Washington Island Airport,None
Baraga Airport,97386
Alderman Airport,49908
Boehm's Field,43950
Boden Airport,18459
Johnson Airport,18462
The Old Commonwealth Aerodrome,16743
Shulls Airport,19506
Strawberry Acres Airport,17040
Malco Airport,16442
Market Garden Airport,None
Quemahening Flightpark Ultralightport,17372
Baker-Sell Airport,15563
Mathna Airport,16052
Dyer Airport,89796
Twisp Municipal Airport,89010
Beaver Marsh State Airport,98070
Archer Memorial Field,None
Waterville Airport,48879
Sportsman Airpark,98858
Ridgewood Air Airport,97132
Laurel Hill Farms Airport,29384
Gaston Airport,None
Paradise Valley Airport,29160
Bollweg Farm Airport,57317
Nicolaisen Airport,57536
Dangel Airport,57363
Bixler Ridge Airport,None
Tc Field,None
Percival Springs Airport,None
Hahn Sky Ranch Airport,62424
Gravco STOLport,53002
Triangle Ranch Private Airport,75903
Pyramid Ranch Airport,None
El Coyote Ranch Airport,None
A M I G O For Christ Airport,78353
Eagle Air Park,76086
Flying Oaks Airport,77422
Weems Farm Airport,76020
Frels Airport,None
Piano Ranch Airport,77437
Burris Ranch Airport,78941
Beach Ranch Airport,None
Wagner-Braxdale Airport,None
Wings Field,None
Shoemaker-Shelby Forest Airport,38075
Soggy Bottom Airport,37763
Myska Field,37059
Tigerbird Field,78522
Eagle's Nest Estates Airport,None
Bailey Airport,76065
Blue Sky Airfield,78143
Ray Smith Farm Airport,None
La Fonda Ranch Airport,76457
Lewis Ranch Airport,None
Berry Airport,None
Everitt Airport,76599
Jw Airport,79329
Eagle's Landing Airport,76078
Smith Prairie Airport,None
Rockford Municipal Airport,None
Shearer US Forest Service Airport,None
Stanley Airport,None
Thomas Creek Airport,83178
High Meadow Ranch Airport,None
Fort Ranch Airport,84762
Zangger Vintage Airpark,None
Red Birds Airyard Airport,51241
Melville Airstrip,22473
Merlin Aerodrome,23883
Rosegill Farm Airstrip,None
Arrowhead Point Airport,23031
Brandywyne Farms Airport,23175
Upperville Airport,20188
Cub Haven Airport,20184
Seven Gables Airport,22834
De Vere Field,None
Clearview Airpark,None
Swanson Airport,21157
Stuart Island West Airport,None
Rice Ranch Airport,98250
Kramer Ranch Airport,None
Touchet Valley Airport,None
Bender's Airport,99154
Uff-Da Airport,13245
Shullsburg Airport,53589
Blair Lake Airport,53176
Matson Airport,None
Hecklers' Strip,53589
Davies Airport,53593
Bulldog Ranch Airport,53070
Curns Airport,53952
Mcfaul Airport,54961
Murmuring Springs Airport,54969
Cunningham Airport,54646
Planeacres Airport,54436
Oshkosh Sky Ranch Airport,54904
Hillcrest Airport,54963
Connor'S Lake Landing,None
C. R. Acres Airport,None
Hales Landing Airport,54893
Willow Bend Airport,26143
Haas Airport,24983
Bar Flying E Airport,None
Foard County Airport,None
El Caballero Airport,79227
Knape Airport,None
Flying S Ranch Airport,77577
Someday Ranch Airport,76268
Tailwheel Airport,None
Harris Ranch Airport,75660
Indio-Faith Airport,None
Glad Oaks Airport,None
Skida Patch Airport,None
Cross Triangle Ranch Airport,75414
Foster Ranch Airport,78606
Annandale Ranch Airport,78885
Benson Airstrip,78838
Primghar Airport,78801
Drake Airport,None
Eureka Creek Airport,50230
Eva Creek Airport,None
Doyle Estates Airport,None
Phalanx Airport,None
Gila Compressor Station Airport,None
Coyote Creek Ranch Airport,None
Lakeview Airport,None
Elliott Field,75065
Mason Airport,None
Wigent Airport,None
Aero Lake Estates Airport,46725
Ralph M Sharpe Airport,60135
Wolverton's Field,38676
Matzie Airport,49120
Happy Bottom Airport,None
Nebraskaland Aviation Airport,None
Coye Field,68950
Bero Field,14466
Kings Airport,None
Tri-Modal Air Park,19473
Cone Airport,None
Burg Lake Aero Airport,None
Weller Canyon Airport,78671
Chambers Island Airport,99361
"Farwell Spraying Service, Inc Airport",None
Sugar Valley Airport,None
Dalrymple's Airport,None
Benson Airport,None
Inter County Airport,None
S & S Avion Ranch Airport,15642
Forever Florida Airport,34484
Rising Sun Airport,34773
Timber House Airport,None
Mills Field,None
Wild Blue Airport,67501
Seeman Airport,40361
Norm's Field,61764
Hannah Airport,01007
Reverse 5 Bar M Airport,64480
Grimm Farm Airport,None
Vitek Field,None
Flyers Field,None
Scott Airport,None
Aberdeen Field,76638
Mcdermott Air Park,23430
Berlin Field LLC,53178
Fly-N-Ski Airport,54967
Hardrock Field,75458
Stone Airstrip,99709
Bob's Flying Service Inc Airport,None
Braun Airport,95645
Sunset Strip Airpark,81240
Sebastian Cove Airport,34974
Roberts Airport,31024
Wilkens Airport,62346
The Sandbox Airport,None
Stevens Strip,61242
Roseland Airport,70454
Don's Landing Field,21668
Phillips Airport,55389
Browns Landing,None
Hall Field,39483
Mc Ginn Ranch Airport,28357
Rall Field,None
Pine Hollow Airport,44903
Black Rock Airport,97063
Granite Shoals/ Bob Sylvester Airpark,78632
Hinson Airport,78654
Old South Aerodrome,77418
Whitestone Airport,24211
Dalonia Airport,98855
Bowman Airstrip,54944
Fairview Airport,54174
Nugget Bench Airport,29356
Skypoint Estates Airport,None
Yolo Ranch Airport,72067
Oak Country Ranch Airport,None
Melby Ranch Airstrip,None
Irish Hills Farms Airport,81111
Recreation Corporation Airport,06798
Flying S Ranch Airport,None
Hudson River Landing Airport,None
Ozzy's Airport,30521
John Scharff Airport,83327
Howell Airport,61727
Buena Terra Airport,62534
Bigger (Stol) STOLport,66617
Sky Ranch Airport,42376
Isley Airport,70592
Swift Private Airport,None
Pettigrew Moore Aerodrome,56590
Orr Ranch Airport,28435
Wolf Ridge Airport,None
Wayne Delp Airport,None
Sunset Strip,12192
Soaring Horse Airport,43064
Myrick Airport,44275
Crow-Mag Airport,73034
Sutliff Private Airport,97437
Lake Bonanza Airport,18622
Fox Fire Airport,77316
Cardwell Strip,None
Woodbridge Field,None
Gila River Memorial Airport,72365
Elk Park Ranch Airport,84248
Bonanza Hills Airport,None
Simons Airport,95369
Ellis Agricultural Field,32132
Freeman Creek Airport,49286
Burk Personal Use Airport,None
G. Bray Airport,46017
Jim Wehrli Memorial Airport,47371
Lone Pine Aerodrome,61350
Coastal Ridge Airpark,70634
De Witt Property Airport,70510
Colle Field,49456
Plath Farms Airport,39565
Evans Ranch Airport,58012
Hendershot Airport,None
Arend Airport,None
Snoddy Air Strip,43556:45821
Fox Field,17325
Bee Creek Airport,75407
Canyon Lake Airport,None
Yuba Airport,78133
Flying Hare Field Airport,53913
Continental Airport,77318
Farnsworth Ranch Airstrip,49341
Lone Tree Ranch Airport,95950
Rimes Lakecrest Airport,None
Rush Airport,32640-8903
Brown Airport,None
Clarion Field,46527
Enoch Airport,61330
Welcome Field,62534
Carriage Lane Airport,42134
Ms Pats Airport,48137
Matinicus Island Airport,70510
Law Field,04851
Wipline Airport,49096
Johnston Airport,55076
Shelburnes Airport,27115
Ciszak Airport,None
Henderson Farm Airport,14141
Freight Wagon Field,None
Hempstead Gliderport,None
Flying B Ranch Airstrip,None
Fisher Ranch Airport,77445
Barker Strip,None
Flyway Farm Airstrip,53121
Hidden Springs Airpark,99632
Valley Farms Airport,None
Stone Land County Airport,85291
Blackwell Land Company Inc Airport,None
Fat Chance Airport,None
Lola Landing Airport,93249
Newby Landing Airport,30012
Peterson Ultralightport,46112
Gillen Airport,46574
Arnolds Airport,66740
Tecumseh Products Airport,40033
Wagner Farm Airport,None
Harrison Private Airport,None
Greensboro North Airport,None
Frevert Airstrip,27358
Dew Airpark,68786
Wright's Field,14727
Verhoff Airport,43812
Jones Air Park,45831
Jasper Ridge Airstrip,74873
Ruckman Field,None
Bevoni-Flying B Airport,37043
Bob's Field,76264
Holland Air Park,98650
Sarita Airport,None
Billy Joe Airport,None
Lyall-Roberts Airport,92592
Flying Harness Farms Airport,93636
Troy Skypark Airport,30711
Hungry Ridge Ranch Airport,45383
Winn Field,None
Minder Airport,None
Felix Airport,46511
Wayne Brown Airport,60152
Dale Curten Farm Airport,71334
Hornersville Memorial Airport,62261
Handleman Sky Ranch Airport,63821
Mayes Homestead Airport,48371
Sunset Strip,58565
Watermeier Airport,None
Vey Sheep Ranch Airport,68446
Roadcap Airport,None
Fort Peck Airport,18742
Johnnie Volk Field,None
J Linn Airport,None
Yates Field,None
Brisson Airport,None
Baumann Farm Inc. Airport,05770
Docken Field,None
Skydive Houston Airport,53572
Lake Whitney Country Club Airport,None
Mels Airport,None
Williams Field,99629
Peabody Bedard Field,72761
Cain Field,None
Cashen Airport,None
Riego Flight Strip,None
Sanborn Airport,None
Blue Springs Airport,95957
Weller Airport,32059
Hampton Field,None
Fuller Field,46135
Winchester Airport,46112
Lucas Airport,62354
Whiteville Airport,67648
Chicora Field,70582
Chandler Personal Use Airport,49450
Barber Airport,56601-8314
Smyrna Airport,63371
Schroeder Private Airport,19977
Boardman Aerial Airport,58006
Greenlawn Farm Airport,None
Industry Air Park,14837
Ronshausen Airport,43157
Waisley Airport,43113
La Dolce Terra Airport,18963
Sugar Grove Airport,29341
Arthur Municipal Airport,37186
Lynden Airport,69121
Blakely Island Airport,98264
Northport Airport,98222
River's Edge Farm Airport,None
San Rafael Ranch Airport,26711
Gilmore Strip,None
Twin Cities Airport,None
Lukachukai Airport,72956
Flying M Ranch Airport,86556
Sanders Ranch Airport,None
Ancient Oaks Airport,32640
Avoca Airport,32359
Husband Field,48049
Miller Field,50167
Mason Airport,46767
Roberts Field,62656
Hagi Landing Area Airport,47356
Pomona Lake Airport,61364
Whitaker Ultralightport,None
Sullivan Airport,70524
Huber Airport,62341
Anthony Private Airport,49920
Crosswind Meadows Airport,65742
Strom Field,44625
Gehris Airport,None
Nelson's Run Airport,18962
Tripp Creek Airport,16137
Flying Tigers Airport,48831
Seminole Spraying Service Airport,75421
Big Sandy Airpark,79360
S & S Ranch Airport,99013
Flying-A-Ranch Airport,54664
Grove Hill Municipal Airport,49448
Arlington Municipal Airport,36482
Deshka Landing Airport,57212
Niklason Lake Estates Airport,None
Songlo Vista Airport,99654
Johnson Airport,None
Drift River Airport,None
B & B Boys Ranch Airport,None
Laub Airport,None
Boisselle's Strip,None
River John Airport,99654-2803
Flying H Ranch Airport,None
Edwards Farm Airport,36344
Town & Country Airpark,36265
Flowers Field,35178
Flint River Ranch Airport,None
Frost Flying Inc Airport,35763
Ridgeway Field,72360
Cypress Creek Airport,65402
Four Mile Creek Ranch Airport,72007
Tripp Strip,72023
Crystal Ridge Airport,72060:72143
Taylor Field,None
River Acres Airport,72758
Quinn Field,72543
U of A Maricopa Ag Center Airport,72450
Hualapai Airport,85138
High Mesa Airpark,None
Sterling Airport,None
Shady Acres Airport,01564
Mishawaka Pilots Club Airport,98387
Clark Ranch Airport,93930
Meadow Airstrip,93960
Sky Island Ranch Airport,None
Cridler Field,None
Mertens Airport,None
Tercio Ranch Airstrip,None
Dietrichs Airport,None
Crivitz Municipal Airport,80107
Ephraim-Fish Creek Airport,54114
Bordner Airport,54211
Dalton Airport,43402
Pronger Bros Ranch Airport,48433
Excelsior Springs Memorial Airport,47720
Forest Hill Airport,64024
Last Chance Ranch Airport,48879
Florida Flying Gators Ultralightport,None
Tradewinds Aerodrome,34715
Mount Royal Airport,46131
Two J's Flying Ranch Airport,32193
Mills Ranch South Airport,33523
Gen-Airpark,32426
Butler Farm Show Airport,None
Grant Airport,None
Prattsburg Airport,None
Warren Field,None
Diamond R Ranch Airport,30738
Erlen Airport,None
Rhodes Air Ranch Airport,30185
Cauley's Airstrip,30830
Vintage Field,None
Broad River Air Park,30292
Fox Mountain Airport,30553
Eden Field,30752
Prater Ranch Airport,31305
Erie Air Park,30188
Whites Airport,61250
Robinson Airport,50247
Kerr Airport,None
Rake Airport,51050
The Last Resort Airport,50450
Terry's Airport,83634
Fremont (Murphy) Airport,46725
Shenandoah Flying Field,46737
Fifer Field,47433
Basting Airport,47616
Stout Field,46797
Birkey Private Airport,47957
Dick's Strip,46506
Silver Creek Gliderport,46818
Sweedler Airport,62074
Home Free Airport,60421
Sugar Creek Farm Airport,60553
Dupouy Airport,61723
Carlson Farm Airport,46928
Johnson Airport,46368
Pippenger Airport,None
Holloway Field,None
Chain-O-Lakes Airport,57147
Ddt Field,46619
Mc Coy Airport,46030
Earp Airport,62513
Noland RLA Restricted Landing Area,61473
Merkle Airport,62513
Holmes Southeast Airport,None
Davy Jones /Private/ Airport,None
Foote Airport,62816
Davis Field,None
Kankakee Airport,31537
Mesa Verde Airport,60901
Rogers Airport,66618-2538
Eveleigh Farms Airport,None
High Point Airport,None
Berwick Airport,67147
Tri Rotor Airport,67357
Goode Airpark,67880
Mason Valley Airport,None
Craw Daddy Landing Airport,None
Miles Field,41008
Flying M Ranch Airport,40076
Harrington Flying Service Airport,48740
Wilder Airport,None
Little Pecan Island Airport,70648
Morgan Crop Service Nr 2 Airport,None
Open A-1 Ranch Airport,70647
Morgan Crop Service Airport,70605
Miller Airport,700615
Herschel Hunter Airport,61080
Kibler Airport,62292
Pillow Hill Airport,62441
Richardson Field,60081
Compton Airport,62859
Bock Farms Airport,62249
Gastons Airport,62693
Moontown Airport,72642
Baines Airport,35741
Westport Airport,01243
Burhans Memorial Airport,02791
Fairview Airport,21754
Hidden Hills Airport,21054
Pokety Airport,21643
Chandler Airport,21613
Doss Field,20680
South Fox Island Airport,48000
Innes Acres Airport,None
Willie Run Airport,None
Stahlberg-Mohr Airport,48426
Blue Sky Airport,55751
Aysta Field,None
Schumacher Airport,None
Sean D Sheldon Memorial Airfield,55363
Ultra Flight Airpark,64776
Penman Airport,63014
Nimsick Airport,None
Kitty Hawk Estates Airport,64836
Fairbanks Airport,64167
Fizzle Ridge Airport,64463
Thomas Field,None
Thunderfoot Ranch Airport,38635
Root Hog Airport,39478:39667
Mitchell's Airport,39041:39066:39071:39209
E E Lane Airport,None
Fairview Farms Airport,39071
Union Municipal Airport,39108
Three Cross Ranch Airport,39365
Nistler Airport,None
Willow Airport,None
Newton Airport,None
Mahnomen County Airport,07860
Alamo Navajo Airport,56557
Erickson Airport,None
Lorentzen Airport,None
Risovi Ranch Strip,58577
Clyde Valley Airport,58319
Welborn Farm Airport,28655
Tucker Field,27011
Mc Donald Field,28097
Flying Bj Airport,28103
Mc Cachren Field,28678
Maxwell Airport,28075
Womble Field,28675
Gage Flying Farmer Airport,27516
Phillips Private Airport,None
Wells Airport,69348
Burkinshaw Field,68940
Pawlet Ranch Airport,None
Phelps Airport,None
Pemberton Airport,80747
Mock Airport,08068
Inductotherm Airport,08822
Allen Airstrip,08060
Mc Kinney Airport,08088
Laska Airport,14420
Secret Spot Airport,None
Tuscarora Plateau Airport,12901
B Flat Farm Airport,14510
North Omaha Airport,12521
Napoleon Airport,68122
Transylvania Community Airport,49201
The Ranch Airport,28766
De Ronda Airport,12166
Luke Airport,13475
Six Ponds Airport,13903
Hiserts Airpark Inc Airport,12137
Hilltop Airport,None
Walters Municipal Airport,14033
Harris Ranch Airport,None
Valley Vista Airport,93210
Dillon Field Airport,45612
Andy Barnhart Memorial Airport,97634
Morningstar North Airport,45344
Riceland Aerodrome,45381
Youngpeter Airport,44003
Creager Airport,45887
Gnadenhutten Airport,45176
Merts Field,44629
Vogel Airpark,45177
Valley Airport,44859
Okarche Airport,None
Bearden Private Airport,73762
Double W Airport,73434
Flying G Ranch Airport,None
Jazz Ranch Airport,74063
Harrison Airport,74801
Cubehole Airport,64369
Maxwell Private Airport,97327
Cline Falls Air Park,None
Murphy Ranch Airport,97756
Horst Airport,None
Navarro Airport,17046
Neeb Airport,18960
Giffin Airport,18235
Fox Hollow Airport,18828
Harris Airport,17837
Moyer Airport,19352
Schulteis Airport,18932
Ashlawn Airport,17307
Karlindo Airport,18413
Countryside Airport,17320
Gravel Run Airport,18627
Stahl's Mountain Airport,16440
Phil Cain Memorial Field,18470
Mountain Hide-Away Airport,15626
Yingst Airport,16865
Risker Field,None
Mina Airport,15019
Scottsburg Airport,89422
Rust Airstrip,47170
Swans Field,None
Schiffer Acres Airport,04290
Toketee State Airport,48866
Nehalem Bay State Airport,None
Yahu Field,97130
Crooked Fence Farm Airport,None
Jordan Airport,29388
Brown Field,29510
Chris Hofer Landing Strip,None
Running Colors Airport,57064
Cedar Mills Airport,None
Wolfe Air Park,76245
Tetlin Airport,None
Clark Airport,None
Middle Bass Island Airport,76247
Wildcat Canyon Airport,43446
Stafford Municipal Airport,76708
Four Square Ranch Airport,67578
Clark Sky Ranch Airport,None
Tin Top Ranch Airport,None
Blanco Landing Airport,None
Spring Ranch Airport,78606
Jim Sears Airport,None
Picosa Ranch Airport,76073
Chacon Creek Ranch Airport,None
Al Meyers Airport,None
K Ranch Airport,49286
Gum Island Airport,None
Lazy Dog Ranch Airpark,None
Hot Springs Airport,75173
Stamps Field,None
Skellytown Airport,79068
Mills Ranch Airport,None
Terlingua Airport,None
Pinoak Airport,None
Indian Springs Airport,None
Wayne's World Airport,37664
Kenner Farm Airport,None
Wilson Field,37865
Massingale Airport,None
Holenthawall Airport,37772
East Side Airport,37172
White Wings Airport,75601
J-D Ranch Airport,None
Purdy-Nielsen Memorial Airpark,None
Pavlat Airport,77471
Oak Glen Ranch Airport,None
Paradise Point Airport,None
Flying S Farm Airport,75763
Sitton Field,76247
Lowell Smith Jr Airport,None
Flying P Airport,76093
Rafter J Airport,None
Murphy Hot Springs Airport,76028
Warren /US Forest Service/ Airport,None
Johnson Creek Airport,None
Augusta Airport,83677
Boulder Airport,None
Ayres-Aicp Airport,None
The Meadows Airport,20115
Aviacres Airport,20187
Flying Circus Aerodrome,22728
Goose Hunt Farm Airport,22548
White Post Airport,20175
Garner Airport,22620
Machipongo International Airport,23487
Serenity Farm Airport,23405
Hartwood Airport,22473
Birch Creek Plantation Airport,22406
Roy Otten Memorial Airfield,None
Put In Bay Airport,65084
Kentmorr Airpark,43456
Mears Field Airport,21666
Bladenboro Airport,None
Middle Bass-East Point Airport,28320
Taylor Airport,43446
Johnson's Landing Ultralightport,98576
Hanes Airport,98826
Angel Park Airport,99134
Watson Airport,99335
Flying Carpet Airport,None
Carnot Field,98513
Olson's Airport,54201
Tesmer Airport,53139
Plover River Airfield,53594
Flying 'O' Airport,54440
Clover Valley Airport,54471
Melin Farms Airport,53190
Plantation Pine Airport,53525
Rosenbaum Field,54970
Old Dairy Airport,54729
Mark's Park & Airfield,54891
Knutson Farms Airport,54961
Woodland Airstrip,54728
Blunt Field,54241
Brion Memorial Airport,54729
North Bass Island Airport,54770
Drennan Airport,43436
Hardy Field,76050
Eagle Rock Ranch Airport,76272
Chicken Strip,76869
Hartlee Field,76035
Kubecka Aviation Airport,76208
Jenkins Airport,77465
Star Smith Field,77631
Ken Ada Ranch Airport,78054
Wall Lake Municipal Airport,None
Woodbine Municipal Airport,51466
Isabel Municipal Airport,51579
Feather River Airport,57633
Sterling Air Park,None
Lost Bridge Village Airport,None
Boulais Ranch Airport,72732
Watervliet Municipal Airport,85139
Three Lakes Municipal Airport,49098
Fred Babcock Airport,54562
Red Stewart Airfield,None
Antique Aerodrome,None
Cherry Hill Airport,None
Chanay Airport,47235
Rooster Field,66076
Woodsland Plantation Airport,40019
Tib Field,71279
Turner Field,None
Silver Creek Airport,56118
Landgren Ranch Airport,None
Bucks Airport,68622
M.C.R. Airport,44065
Hilltop Airport,44254
Eagles Mere Field Airport,74052
Miles Field,17731
Sybert Farm Airport,77865
Cloud 9 Aerodrome,None
Schubert Airstrip,37811
Hound Run Airport,54630
Breakaway Park Airport,None
Settlers Bay Airstrip,78613
Ashworth Airport,99623
Ak Chin Community Airfield,71962
Calkins Field,85238
Silver Creek Ranch Airport,49348
Flying Dog Ranch Airstrip,None
University Airpark,None
Black'S Airfield,48808
Alcock RLA Restricted Landing Area,83634
Rees Field,61049
Flying Z Ranch Airport,60470
Shannon Field,66083
Textor Airport,56225
R & R Field,65770
Sloop Airport,None
Vandersnick Airport,None
Winchell Mountain Airport,None
Bonebender Airport,12546
Deitch Airport,12996
Circle P Ranch Airport,17072
Stonewall Airpark,76043
Flying T Ranch Airport,37118
Henington Airport,75485
Paddock Field,75496
Macho Grande Airport,53121
Orme School Airport,76574
Goodspeed Airport,None
White Cloud Airport,06438
Peg Field,49349
Farney Field Airport,None
Pirates Cove Airport,67070
Herrington Field,42048
Midway Airport,21550
Kral's Personal Use Landing Field,49245
Aire Parque Airport,55340
Double Jj Resort Ranch Airport,63028
Spring Paths Airport,49446
Packard Ranch Airport,27882
Walter's Field,69121
Dunn Field,13101
Shotgun Ranch Airstrip,44444
Oliver Landing Airport,97752
Magee Airport,38251
Virginia Beach Airport,75496
Frogs End Airport,23457
Sheffels Ranch Airport,05495
Temple Ranch Airport,None
Kalmbach Airport,78384
Haigwood Landing Strip,79654
Dick Taylor Airstrip,72112:72473
Dick Dale Skyranch Airport,None
Kostroski Airport,None
Belleville Airport,80116
Grayland Intergalactic Airport,48111
Hepler Airport,98547
Marion Municipal Airport,None
Smith Airport,66861
Want's Ultralight Flightpark,66502
W Gladstone Airport,71004
Riordan Airport,49837
Bahnson Airport,64080
Onion Crest Airpark,27028
Topaz Ranch Airport,None
Anderson Airfield,None
Windswept Airport,45068
Biggs Skypatch Airport,43402
Inspiration Airport,None
Kolb Airport,None
Diamond Seven Ranch Airport,19475
Roseanne Airport,76671
Fraser Farm Airport,37357
Mid-Valley Dusters Inc Airport,75771
Eagle Ridge Ultralightport,78516
Northome Municipal Airport,54730
Rolle Airfield,None
West Papoose Lake Airpark,None
Sandhill Ranch Airport,None
Charles A. Chase Jr. Memorial Field,None
Cortopassi Airport,04426
Redlands Airport,95236
Betz Airport,None
S&S Flying Service Airport,49228
Boulder Creek Airstrip,31071
The Wolf Den Airport,83615
Rush STOLport,46783
Potter Airport,47906
Vankirk Airport,None
Duff Airport,67232
B T & K H Ranch Airport,41727
Tenkiller Lake Airpark,70637
Heacock Field Ultralight Flightpark,74427
Airbatco Field,04042
Butch's Strip STOLport,48861
Lynch Field,64503
Broadway Airfield,64844
Fredericks Ranch Airport,28023
Tomcat Airport,58636
Compton Airport,13339
Pennfield Farm Airport,97013
Hoskins Field,16875
Shirley Williams Airport,98501-2160
Stone Field,78639
Mc David Ranch Airport,37777
White Oak Airport,None
Big Hill Airport,None
Stoiber Airport,24085
Underwood Airport,54479
Davidson Strip Airport,None
Cherokee Airport,None
Thunder Ridge Ranch,99737
Pine Springs Airport,None
Hell'er High Water Airport,None
Hermitage Airport,None
Moss Meadows Airport,95321
Cummings Field,32060
Aerobatic Practice Airport,46371
Kaml Airstrip,47265
Waldmeister Farm Airport,None
Pester Airport,63376
Glover Airport,59528
Rugg Ranches Airport,27838
Boober Airport,97868
Plane Country Airport,45157
Belleview Landing Airport,44680
Stilwell Airport,None
Gederos Airport,74960
Silver Lake F S Strip,97423
Deussen Field,97638
Darnell's Landings Airport,76259
West Airpark,37642
Windsong Farm Airport,76691
American Falconry Airport,54015
Ghost Apache Airport,None
Bear Cove Farm Airport,None
Pinon Airport,None
Crystal Airport,None
Huerfano Agricultural Airport,93544
Tater Farms Strip,None
Todd Field,32145
Ames Field,50021
Hidden Valley Airport,46563
Davis Plantation Airport,67147
Venissat Airstrip,71220
Rotors & Wings Airport,70559
Sontimer Airport,48843
Circle Bar Ranch Airport,63376
Sky Park Airport,39483
Brown Field,12571
Jantzen Airport,28112
Savannah Agri-Air Airport,69150
Wetzl Airport,13148
Kellers Strip,44451
Gould Strip,None
Lavon North Airport,None
Phillips Corporation Airport,75407
Byrd Creek Airport,17515
Windy Hill Airport,23038
Highland Airport,76227
Mabry Field,99577
Ray Schnepf Ranch Airport,72556
Mile Hi Airport,85240
Strayhorn Ranch Airport,None
Flying Exotics Airport,33905
Mayes Airport,None
Everidge Airport,48811
Westrick Airport,None
Godbee RLA Restricted Landing Area,46962
Mann Airport,60946
Flying Z Ranch Airport,47861
Maxwell Airport,61024
Thornton Airport,None
Sons Private-Commercial Airport,38012
Cliff Scott Airport,55368
Windemere Airport,64644
Elk Creek Airport,28395
Chapin Airport,14801
Harman Airport,44857
Mc Ranch Airport,73014
Homan Airport,97620
Pleasure Field,None
Whites Airport,None
Hensarling Airport,77971
Armstrong Ranch Airport,None
Cub Field,None
Oakbrook Airport,05491
Bartos Farm Airport,53190-1620
Pelican Rapids Muni-Lyon's Field,79423
Castle Mountain Airstrip,56572
Rimrock Airport,99674
Sallaberry Ranch Strip,86335
Shaull Farm Airstrip,None
Mc Kinnon Airpark,80648
Gavagan Field,None
Cedar Creek Airport,None
P.J. Killian Airport,46741
R F Roesner Airport,61753
Rock Cut Farms Airport,None
Le Champ Airport,61047
Morrison Field,21853
Schirmeister Private Airport,27295
Lookingglass Airport,None
Rocky Hill Ultralightport,None
Bamberger Ranch Airport,18326
4M Ranch Airfield,78636
Fox Airport,None
Tri-County Aerodrome,None
Gtr Green River Intergalactic Spaceport Airport,75491
Al's Field,82935
West Valley Airport,22637
Circle A Ranch Airport,None
Airport Manatee Airport,54531
Maravillas Gap Ranch Airport,34221
Piney Pinecreek Border Airport,79842
Secluded Lake Airport,None
Rock Point Airport,99688
Camp Lake Airport,None
El Peco Ranch Airport,53109
Rancho Tehama Airport,None
Air Dusters Inc Airport,None
Rankin Airport,80652
Watson Farm Airport,79778
Mike's Ag Air Airport,32353
Wend Valley Airport,32568
Reinoehl Field,48813
Walnut Creek Airport,None
Drake Airport,60531
Norwich Airport,47882
N & N Airport,67118
Willow Ridge Airport,66503
Lufker Airport,55033
Harden Airstrip,11940
Westmoreland Airport,None
Land's Inn Ranch Airport,11964
Gap View Airport,None
Babb Airport,18013
Roeder Airport,59411
K Star Ranch Airport,77532
Shoshoni Municipal Airport,None
Cougar Mountain Airfield,82649
Tri-Center Airport,None
McCasland Ranch Airport,53943
Atmautluak Airport,76880
Livengood Camp Airport,None
Inigok Airport,None
St John Homestead Airport,None
Long Lake Airport,99654
Mankomen Lake Airport,None
Wolf Lake Airport,None
Aleknagik Mission Lodge Airport,99654
Napaimute Pioneer Airfield,None
Tibbetts Airport,None
Irwin Farms Airport,99633
Bonner Field,36535
Leon's Landing Airport,36580
Milton Airport,35981
T W Spear Memorial Airport,35754
Shurley Field Airport,36046
Red Oak Airport,None
Reed-Joseph Land Co. Airport,72023
Lawrence Field,71839
Williams Ranch Airport,72324
Worth James Ranch Airport,71935
Scudder Airport,None
Palm Valley Tucson Airport,72402
Block Ranch Airport,85653
Parsons Field,None
The Ultralight Strip Ultralightport,None
Leroy Airport,None
South Albany Airport,85566
Duanesburg Airport,12158
Simsbury Airport,12056
Flying U Ranch Airport,06026
Walker/Rowe Waterloo Airport,46382
Gifford Field,46793
Ackley Municipal Airport,03576
Funny Farm Airport,50601
Johnsen Airport,94548
Yandell Ranch Airport,None
Antelope Valley Ranch Airport,None
Rabbit Ranch Airport,95863
Glen-Aspen Airport,None
Owl Canyon Gliderport,81621
Griffin Field,None
Ambrosich Field,81090
Kelgun Airport,80116-8324
Three Castles Airpark,80104
Fuller Airport,53962
Alma Municipal Airport,51351
Richardton Airport,68920
Westport Airport,None
Tranquility Bay Strip,74020
Flying 'F' Farms Airport,33922
The Wright Place STOLport,None
Flanders Field,33031
Turkey Scratch Plantation Airport,33868
Escape Ranch Airport,None
Ko-Kee Airport,None
Fellsmere Airport,33597
